<configuration debuge="false">
    <property name="HOME_LOG" value="logs"/>

    <appender name="FILE-ROLLING" class="ch.qos.logback.core.rolling.RollingFileAppender">
        <file>${HOME_LOG}/app.log</file>

        <rollingPolicy class="ch.qos.logback.core.rolling.SizeAndTimeBasedRollingPolicy">
            <fileNamePattern>${HOME_LOG}/archived/app.%d{yyyy-MM-dd}.%i.log.gz</fileNamePattern>
            <!-- each archived file, size max 1KB -->
            <maxFileSize>1MB</maxFileSize>
            <!-- total size of all archive files, if total size > 1MB, it will delete old archived file -->
            <totalSizeCap>1MB</totalSizeCap>
            <!-- 14 days to keep -->
            <maxHistory>14</maxHistory>
        </rollingPolicy>
        <append>true</append>
        <encoder>
            <pattern>%d{yyyy-MM-dd HH:mm:ss} - %-5level - %msg%n</pattern>
        </encoder>
    </appender>

    <root level="INFO">
        <appender-ref ref="FILE-ROLLING"/>
    </root>

</configuration>